{
  "timestamp": 1756345605.5649662,
  "benchmarks": {
    "cpu_performance": {
      "execution_time": 0.11046767234802246,
      "score": 98.89532327651978,
      "status": "PASS"
    },
    "memory_efficiency": {
      "execution_time": 0.17466044425964355,
      "score": 96.50679111480713,
      "status": "PASS"
    },
    "async_performance": {
      "execution_time": 0.011967897415161133,
      "tasks_completed": 100,
      "score": 99.9401605129242,
      "status": "PASS"
    },
    "concurrent_processing": {
      "execution_time": 0.014602184295654297,
      "tasks_completed": 10,
      "score": 99.85397815704346,
      "status": "PASS"
    },
    "data_throughput": {
      "execution_time": 0.034924983978271484,
      "items_processed": 50000,
      "throughput_rate": 1431639.8836748905,
      "score": 100,
      "status": "PASS"
    }
  },
  "overall_score": 99.03925061225891,
  "status": "PASS",
  "requirements": {
    "met": 4,
    "total": 4,
    "percentage": 100.0,
    "details": {
      "response_time": true,
      "throughput": true,
      "concurrency": true,
      "async_efficiency": true
    }
  }
}