{"annotator_ids":["hp_user_0","hp_user_1","hp_user_2","hp_user_3","hp_user_4"],"metadata":{},"prompts":["HP prompt 2_8_0","HP prompt 2_8_1","HP prompt 2_8_2","HP prompt 2_8_3","HP prompt 2_8_4"],"responses":["HP response 2_8_0","HP response 2_8_1","HP response 2_8_2","HP response 2_8_3","HP response 2_8_4"],"rewards":[0.9400000000000001,0.9400000000000001,0.9400000000000001,0.9400000000000001,0.9400000000000001],"timestamp":1756040523.484579}