{"annotator_ids":["hp_user_0","hp_user_1","hp_user_2","hp_user_3","hp_user_4"],"metadata":{},"prompts":["HP prompt 1_3_0","HP prompt 1_3_1","HP prompt 1_3_2","HP prompt 1_3_3","HP prompt 1_3_4"],"responses":["HP response 1_3_0","HP response 1_3_1","HP response 1_3_2","HP response 1_3_3","HP response 1_3_4"],"rewards":[0.8400000000000001,0.8400000000000001,0.8400000000000001,0.8400000000000001,0.8400000000000001],"timestamp":1756040523.3137321}