{"annotator_ids":["hv_user_0","hv_user_1","hv_user_2","hv_user_3"],"metadata":{},"prompts":["HV prompt s3_2_0","HV prompt s3_2_1","HV prompt s3_2_2","HV prompt s3_2_3"],"responses":["HV response s3_2_0","HV response s3_2_1","HV response s3_2_2","HV response s3_2_3"],"rewards":[0.7999999999999999,0.7999999999999999,0.7999999999999999,0.7999999999999999],"timestamp":1756040387.288913}