{"annotator_ids":["hv_user_0","hv_user_1","hv_user_2","hv_user_3"],"metadata":{},"prompts":["HV prompt s0_4_0","HV prompt s0_4_1","HV prompt s0_4_2","HV prompt s0_4_3"],"responses":["HV response s0_4_0","HV response s0_4_1","HV response s0_4_2","HV response s0_4_3"],"rewards":[0.8999999999999999,0.8999999999999999,0.8999999999999999,0.8999999999999999],"timestamp":1756040387.199063}